"quarter","price","rate","cpi","date","real_price","payment_nominal","payment_real","payment_fixed_rate_real"
"2015Q1",289200,3.71666666666667,234.849333333333,2015-01-01,388623.018445869,1067.09286265585,1433.94484525366,1431.012502859
"2015Q2",289100,3.81923076923077,237.680666666667,2015-04-01,383860.830357819,1080.19963712031,1434.26610050923,1413.47686968364
"2015Q3",295800,3.95461538461538,238.305,2015-07-01,391727.967100984,1123.57269562252,1487.94742375383,1442.44574313379
"2015Q4",302500,3.89785714285714,237.233,2015-10-01,402410.998188841,1141.13998423316,1518.04059546599,1481.78348261276
"2016Q1",299800,3.73846153846154,237.386333333333,2016-01-01,398561.624019355,1109.16670126734,1474.55397520113,1467.60907115678
"2016Q2",306000,3.58923076923077,240.169333333333,2016-04-01,402090.153058675,1111.4909514303,1460.52146007824,1480.60204617962
"2016Q3",303800,3.44615384615385,240.968333333333,2016-07-01,397875.648390867,1084.06617160491,1419.7614579523,1465.08312787903
"2016Q4",310900,3.84230769230769,241.504666666667,2016-10-01,406270.004168311,1164.92748284508,1522.27434323336,1495.99336093472
"2017Q1",313100,4.17307692307692,243.414333333333,2017-01-01,405934.986299081,1220.95742899508,1582.97456790444,1494.75973673647
"2017Q2",318200,3.98,244.737333333333,2017-04-01,410317.004352966,1212.37506812261,1563.3504277319,1510.89548352765
"2017Q3",320500,3.88384615384615,245.708,2017-07-01,411650.171477255,1206.98561905377,1550.25222169755,1515.80455667233
"2017Q4",337900,3.92230769230769,246.618666666667,2017-10-01,432396.141681625,1278.47064489439,1636.00406660418,1592.19669336335
"2018Q1",331800,4.28230769230769,248.804,2018-01-01,420860.90738091,1310.83062345997,1662.68042679942,1549.72091677723
"2018Q2",315600,4.54461538461538,251.374333333333,2018-04-01,396219.30003461,1285.98087683003,1614.48175816061,1458.98401615792
"2018Q3",330900,4.56692307692308,252.197,2018-07-01,414072.525049862,1351.84423667627,1691.63359490676,1524.72430173171
"2018Q4",322800,4.78461538461538,252.052,2018-10-01,404168.946090489,1352.49541061323,1693.42207156063,1488.25671066984
"2019Q1",313000,4.37384615384615,252.896666666667,2019-01-01,390589.708576625,1250.03987750223,1559.91281617494,1438.25437488608
"2019Q2",322500,4.01076923076923,255.927666666667,2019-04-01,397678.439090212,1233.33381861073,1520.83803988306,1464.35695119488
"2019Q3",318400,3.65846153846154,256.629333333333,2019-07-01,391549.187414273,1166.45642396072,1434.43801807782,1441.78742915135
"2019Q4",327100,3.7,257.176,2019-10-01,401392.885546604,1204.46851438981,1478.03452320683,1478.03452320683
"2020Q1",329000,3.52153846153846,258.254666666667,2020-01-01,402038.166461013,1185.05233694429,1448.13455533563,1480.41061780892
"2020Q2",317100,3.23923076923077,256.86,2020-04-01,389600.340263178,1102.53255961738,1354.61072336223,1434.61125968375
"2020Q3",327900,2.95230769230769,259.766333333333,2020-07-01,398362.194485044,1099.21584401793,1335.42554387225,1466.87471898644
"2020Q4",338600,2.76071428571429,260.363666666667,2020-10-01,410417.753117114,1107.38160554921,1342.25951090588,1511.26646706259
"2021Q1",355000,2.87583333333333,263.157666666667,2021-01-01,425727.681630657,1178.42114161003,1413.20141014702,1567.6416637979
"2021Q2",367800,3.00384615384615,269.315,2021-04-01,430993.525054304,1241.13814149552,1454.38418347608,1587.03188882233
"2021Q3",395200,2.87214285714286,273.626666666667,2021-07-01,455803.945034597,1311.24126633868,1512.32019759447,1678.39040210588
"2021Q4",414000,3.07923076923077,277.779666666667,2021-10-01,470348.16323249,1410.54486596733,1602.52943687139,1731.94605140511
"2022Q1",413500,3.82230769230769,284.122666666667,2022-01-01,459292.33265444,1545.5907448907,1716.75448258758,1691.23556582978
"2022Q2",437700,5.26615384615385,292.572,2022-04-01,472131.905308779,1937.10143914839,2089.48456303749,1738.51426041973
"2022Q3",438000,5.62307692307692,296.418333333333,2022-07-01,466324.907928547,2016.67461947696,2147.09042522701,1717.13136372871
"2022Q4",442600,6.66461538461538,297.506666666667,2022-10-01,469498.567202976,2276.49571740179,2414.84744140048,1728.81761463501
"2023Q1",429000,6.37230769230769,300.615333333333,2023-01-01,450366.135681702,2140.51719498207,2247.12460947392,1658.36695315199
"2023Q2",418500,6.51076923076923,304.199666666667,2023-04-01,434166.481663907,2118.5354840687,2197.84252663859,1598.71555233132
"2023Q3",435400,7.04,306.835333333333,2023-07-01,447819.106882519,2326.7464129926,2393.11323061197,1648.98812100935
"2023Q4",423200,7.30384615384615,307.156,2023-10-01,434816.703781358,2321.95392451317,2385.69081235587,1601.10984174688
"2024Q1",426800,6.74846153846154,310.358333333333,2024-01-01,433990.840265285,2214.22417866776,2251.53001835926,1598.06879435375
"2024Q2",414500,6.99538461538462,313.930666666667,2024-04-01,416687.388510414,2205.11531694761,2216.75209356626,1534.35291899757
"2024Q3",415300,6.50846153846154,314.879,2024-07-01,416234.234526067,2101.8319703279,2106.56012827317,1532.68428644998
"2024Q4",419300,6.63230769230769,315.587333333333,2024-10-01,419300,2149.48016287916,2149.48016287916,1543.97324391209
