"GEOID","county","base2020","population2024","change","change_pct","natural_change","net_migration","residual","natural_change_per100","net_migration_per100","residual_per100"
"42071","Lancaster",552981,563293,10312,1.86480186480186,4913,5258,141,0.888457288767607,0.95084641244455,0.0254981635897074
"42095","Northampton",312957,322989,10032,3.20555220046204,-2969,13280,-279,-0.948692631895117,4.24339445994178,-0.0891496275846203
"42051","Fayette",128823,123941,-4882,-3.7896959393897,-4477,-408,3,-3.47531108575332,-0.316713630329988,0.00232877669360285
"42129","Westmoreland",354648,350935,-3713,-1.0469535990616,-8977,5330,-66,-2.53124224583249,1.50289864880106,-0.018610002030182
"42023","Cameron",4548,4348,-200,-4.39753737906772,-194,-3,-3,-4.26561125769569,-0.0659630606860158,-0.0659630606860158
"42133","York",456449,471240,14791,3.24044964497677,-222,14905,108,-0.0486363208156881,3.2654250529632,0.0236609128292537
"42017","Bucks",646515,650131,3616,0.55930643527219,-5300,8643,273,-0.819779896831473,1.33685993364423,0.0422263984594325
"42049","Erie",271049,267750,-3299,-1.21712310320274,-2644,-680,25,-0.975469380075189,-0.250877147674406,0.00922342454685315
"42127","Wayne",51149,51419,270,0.527869557567108,-1386,1650,6,-2.70973039551115,3.22586951846566,0.0117304346126024
"42029","Chester",534418,560745,26327,4.92629365028873,4787,21425,115,0.895740787174085,4.00903412684453,0.0215187362701107
"42089","Monroe",168315,166523,-1792,-1.06467040964858,-1839,-50,97,-1.09259424293735,-0.0297062056263553,0.0576300389151294
"42091","Montgomery",856413,879190,22777,2.65958130014374,601,22204,-28,0.0701764218899059,2.59267432885769,-0.00326945060385585
"42043","Dauphin",286392,293029,6637,2.31745300148049,991,5592,54,0.34602921869326,1.95256850750021,0.0188552752870192
"42027","Centre",158164,159805,1641,1.03753066437369,-209,1671,179,-0.132141321666119,1.05649831820136,0.113173667838446
"42033","Clearfield",80558,78132,-2426,-3.01149482360535,-1927,-389,-110,-2.39206534422404,-0.482881898756176,-0.13654758062514
"42063","Indiana",83232,82953,-279,-0.335207612456747,-1435,1147,9,-1.72409650134564,1.37807574009996,0.0108131487889273
"42031","Clarion",37238,36855,-383,-1.02851925452495,-762,398,-19,-2.04629679359794,1.06880068746979,-0.051023148396799
"42035","Clinton",37448,37865,417,1.11354411450545,-202,665,-46,-0.53941465498825,1.77579577013459,-0.122837000640889
"42061","Huntingdon",44105,43359,-746,-1.69141820655255,-676,-136,66,-1.53270604239882,-0.308355061784378,0.149642897630654
"42113","Sullivan",5841,5927,86,1.472350624893,-252,339,-1,-4.31432973805855,5.80380071905496,-0.017120356103407
"42125","Washington",209345,210434,1089,0.520193938235926,-3936,5045,-20,-1.88014999164059,2.40989753755762,-0.00955360768110058
"42003","Allegheny",1250583,1231814,-18769,-1.50082001754382,-10770,-9074,1075,-0.861198337095579,-0.725581588747008,0.0859599082987695
"42041","Cumberland",259468,275516,16048,6.18496307829867,-170,16450,-232,-0.0655186766768927,6.3398954784405,-0.089413723464936
"42067","Juniata",23504,23395,-109,-0.463750850918992,-138,32,-3,-0.58713410483322,0.136147038801906,-0.0127637848876787
"42111","Somerset",74137,72134,-2003,-2.70175485924707,-2135,173,-41,-2.87980360683599,0.233351767673361,-0.0553030200844383
"42045","Delaware",576970,584882,7912,1.37130180078687,2541,4907,464,0.440404180459989,0.850477494497114,0.0804201258297658
"42103","Pike",58545,62376,3831,6.54368434537535,-890,4773,-52,-1.5201981381843,8.15270304893671,-0.0888205653770604
"42099","Perry",45841,46816,975,2.12691695207347,-107,1079,3,-0.233415501407037,2.35378809362797,0.00654435985253376
"42005","Armstrong",65548,63679,-1869,-2.85134557881247,-1805,-77,13,-2.75370720693232,-0.117471166168304,0.0198327942881552
"42101","Philadelphia",1603794,1573916,-29878,-1.86295746211795,13896,-45280,1506,0.866445441247442,-2.82330523745568,0.0939023340902884
"42055","Franklin",155948,159285,3337,2.13981583604791,-956,4263,30,-0.613024854438659,2.73360350886193,0.0192371816246441
"42097","Northumberland",91642,90027,-1615,-1.76229239868183,-1898,235,48,-2.07110276947251,0.25643264005587,0.0523777307348159
"42059","Greene",35949,33960,-1989,-5.5328381874322,-1106,-900,17,-3.0765807115636,-2.50354669114579,0.0472892152771983
"42019","Butler",193764,199341,5577,2.87824363658884,-2582,8307,-148,-1.33254887388782,4.28717408806589,-0.0763815775892323
"42025","Carbon",64754,65743,989,1.52731877567409,-1637,2668,-42,-2.52802915649998,4.12020879019057,-0.0648608580164932
"42079","Luzerne",325602,331379,5777,1.77425200090909,-5557,11351,-17,-1.70668484837317,3.48615794743276,-0.00522109815050276
"42087","Mifflin",46140,45935,-205,-0.444299956653663,-465,260,0,-1.00780234070221,0.563502384048548,0
"42053","Forest",6978,6601,-377,-5.40269418171396,-338,-67,28,-4.84379478360562,-0.960160504442534,0.401261106334193
"42117","Tioga",41044,40698,-346,-0.84299775850307,-676,357,-27,-1.64701296169964,0.869798265276289,-0.0657830620797193
"42123","Warren",38596,37373,-1223,-3.16872214737278,-1074,-133,-16,-2.78267177945901,-0.344595294849207,-0.0414550730645663
"42039","Crawford",83954,82089,-1865,-2.22145460609381,-1123,-749,7,-1.33763727755676,-0.892155227862877,0.00833789932582128
"42015","Bradford",59956,59699,-257,-0.428647674961639,-727,469,1,-1.21255587430783,0.782240309560344,0.00166788978584295
"42105","Potter",16399,15993,-406,-2.4757607171169,-384,-19,-3,-2.34160619549973,-0.11586072321483,-0.0182937984023416
"42085","Mercer",110656,108140,-2516,-2.27371312897629,-2828,318,-6,-2.55566801619433,0.287377096587623,-0.00542220936957779
"42077","Lehigh",374552,385655,11103,2.96434139985903,493,10401,209,0.131623913368504,2.7769174907623,0.05579999572823
"42069","Lackawanna",215911,216859,948,0.43906980190912,-3627,4608,-33,-1.67985883072192,2.13421270801395,-0.0152840753829124
"42093","Montour",18145,18115,-30,-0.165334802976026,-78,46,2,-0.429870487737669,0.253513364563241,0.0110223201984018
"42083","McKean",40435,39478,-957,-2.36676146902436,-1038,74,7,-2.56708297267219,0.183009768764684,0.0173117348831458
"42115","Susquehanna",38437,38100,-337,-0.876759372479642,-815,493,-15,-2.12035278507688,1.28261831048209,-0.0390248978848505
"42075","Lebanon",143262,145319,2057,1.43583085535592,-937,3001,-7,-0.654046432410548,2.09476344040988,-0.00488615264340858
"42021","Cambria",133463,130108,-3355,-2.5138053243221,-3585,269,-39,-2.68613773105655,0.201553988745945,-0.0292215820114938
"42081","Lycoming",114193,113236,-957,-0.838054872014922,-1497,537,3,-1.3109384988572,0.470256495582041,0.00262713126023487
"42065","Jefferson",44491,43367,-1124,-2.52635364455733,-769,-360,5,-1.728439459666,-0.809152412847542,0.0112382279562159
"42009","Bedford",47576,47643,67,0.140827307886329,-826,896,-3,-1.73616949722549,1.88330250546494,-0.00630570035311922
"42109","Snyder",39742,39627,-115,-0.289366413366212,-108,-22,15,-0.271752805596095,-0.0553570529917971,0.0377434452216798
"42131","Wyoming",26082,25771,-311,-1.19239322137873,-666,369,-14,-2.55348516218081,1.41476880607315,-0.0536768652710682
"42119","Union",42685,42159,-526,-1.23228300339698,-285,-301,60,-0.667681855452735,-0.705165749092187,0.140564601147944
"42047","Elk",30992,30124,-868,-2.80072276716572,-714,-157,3,-2.30382034073309,-0.506582343830666,0.0096799173980382
"42107","Schuylkill",143046,144523,1477,1.03253498874488,-3645,5126,-4,-2.54813137032843,3.58346266236036,-0.00279630328705451
"42007","Beaver",168220,165540,-2680,-1.59315182499108,-3734,1042,12,-2.21971228153608,0.619426940910712,0.00713351563428843
"42073","Lawrence",86067,84233,-1834,-2.13089802130898,-2324,480,10,-2.70022192013199,0.557705043744989,0.0116188550780206
"42037","Columbia",64722,66012,1290,1.99313989060907,-1051,2293,48,-1.62386823645746,3.54284478229968,0.074163344766849
"42013","Blair",122821,120269,-2552,-2.07782056814388,-2664,37,75,-2.16901018555459,0.0301251414660359,0.0610644759446674
"42121","Venango",50450,49476,-974,-1.93062438057483,-1481,518,-11,-2.93557978196234,1.02675916749257,-0.0218037661050545
"42001","Adams",103840,107914,4074,3.923343605547,-1121,5280,-85,-1.07954545454545,5.08474576271186,-0.0818567026194145
"42057","Fulton",14567,14452,-115,-0.789455618864557,-248,127,6,-1.70247820416009,0.871833596485206,0.0411889888103247
"42011","Berks",428850,439117,10267,2.39407718316428,215,9884,168,0.0501340795149819,2.30476856709805,0.0391745365512417
